Nom,Étiquettes,Origine
Return switch,Dart,LinkedIn
flutter_spinkit: loading indicator,"Package, UI",LinkedIn
Tuto: Animation bouton téléchargement,"Guide, UI",Youtube
Erreurs de compilation Flutter,SDK,LinkedIn
Scale transition,"Exemple de code, UI",LinkedIn
Flutter 3.10: Les mises à jour les plus importantes que vous devez savoir,"Dart, Notes de mise à jour, SDK, UI",Medium
LayoutBuilder: outil responsive,"Exemple de code, UI",
Flutter 3: Boutons d’action flottants,"Guide, UI",Medium
Table,"Guide, UI",Medium
Paiement avec Stripe,"Guide, Package",Medium
Cheat sheets,UI,Github
flutter_multi_formatter: Formatter ses textFields,"Guide, UI",Youtube
Astuces children widgets,"Exemple de code, UI",LinkedIn
Glass effect (Effet de verre),"Guide, UI",Medium
Package pdf_image_renderer,"Package, UI",LinkedIn
Nouveautés Flutter 3.13,"Notes de mise à jour, SDK",Medium
Devenir GDE,GDE,Medium
Performances réseau : bonnes pratiques,Guide,Medium
RatingDialog : modale de note pour votre app,"Guide, Package, UI",Medium
Inherited Widget dans le détail,"Guide, SDK, UI",Medium
Résoudre les challenges de layout Flutter : quelques astuces,"Guide, UI",Medium
Communications temps réel en Flutter,"Guide, SDK",Medium
"Immutable en Dart et Flutter : Compréhension, Utilisation et Meilleures pratiques","Dart, Guide",Medium
Les points (.) en Dart,"Dart, Exemple de code",LinkedIn
Les différents types de gradient,"Exemple de code, UI",LinkedIn
ListGutter: extension de définition de séparation entre éléments,"Exemple de code, UI",LinkedIn
Dart 3.1 et une rétrospective sur la programmation de fonctionnelle en Dart 3,"Dart, Guide",Medium
Bonnes pratiques de design mobile,"UI, UX",Medium
Flutter Background Tasks: Améliorer vos performances,"Dart, Guide, Package, SDK",Medium
CI/CD Github pour Flutter,"CI/CD, Guide",Medium